Title,Distributor,ReleaseDate,DomesticSales,InternationalSales,WorldSales,MovieRuntime,License
Star Wars: Episode VII - The Force Awakens (2015),Walt Disney Studios Motion Pictures,16-Dec-15,936662225,1132859475,2069521700,2 hr 18 min,PG-13
Avengers: Endgame (2019),Walt Disney Studios Motion Pictures,24-Apr-19,858373000,1939128328,2797501328,3 hr 1 min,PG-13
Avatar (2009),Twentieth Century Fox,16-Dec-09,760507625,2086738578,2847246203,2 hr 42 min,PG-13
Black Panther (2018),Walt Disney Studios Motion Pictures,NA,700426566,647171407,1347597973,2 hr 14 min,NA
Avengers: Infinity War (2018),Walt Disney Studios Motion Pictures,NA,678815482,1369544272,2048359754,2 hr 29 min,NA
Spider-Man: No Way Home (2021),Sony Pictures Entertainment (SPE),NA,675813257,868642706,1544455963,2 hr 28 min,NA
Titanic (1997),Paramount Pictures,19-Dec-97,659363944,1542283320,2201647264,3 hr 14 min,PG-13
Jurassic World (2015),Universal Pictures,10-Jun-15,652385625,1018130819,1670516444,2 hr 4 min,PG-13
The Avengers (2012),Walt Disney Studios Motion Pictures,25-Apr-12,623357910,895457605,1518815515,2 hr 23 min,PG-13
Star Wars: Episode VIII - The Last Jedi (2017),Walt Disney Studios Motion Pictures,13-Dec-17,620181382,712517448,1332698830,2 hr 32 min,PG-13
Incredibles 2 (2018),Walt Disney Studios Motion Pictures,NA,608581744,634507500,1243089244,1 hr 58 min,NA
The Lion King (2019),Walt Disney Studios Motion Pictures,11-Jul-19,543638043,1119261396,1662899439,1 hr 58 min,PG
The Dark Knight (2008),Warner Bros.,16-Jul-08,534858444,471115201,1005973645,2 hr 32 min,PG-13
Rogue One: A Star Wars Story (2016),Walt Disney Studios Motion Pictures,14-Dec-16,532177324,523880396,1056057720,2 hr 13 min,PG-13
Star Wars: Episode IX - The Rise of Skywalker (2019),Walt Disney Studios Motion Pictures,18-Dec-19,515202542,558946737,1074149279,2 hr 21 min,PG-13
Beauty and the Beast (2017),Walt Disney Studios Motion Pictures,16-Mar-17,504481165,769095055,1273576220,2 hr 9 min,PG
Finding Dory (2016),Walt Disney Studios Motion Pictures,NA,486295561,542275381,1028570942,1 hr 37 min,NA
Frozen II (2019),Walt Disney Studios Motion Pictures,20-Nov-19,477373578,972653355,1450026933,1 hr 43 min,PG
Star Wars: Episode I - The Phantom Menace (1999),Twentieth Century Fox,19-May-99,474544677,552538030,1027082707,2 hr 16 min,PG
Star Wars: Episode IV - A New Hope (1977),Twentieth Century Fox,25-May-77,460998507,195751992,775398007,2 hr 1 min,PG
Avengers: Age of Ultron (2015),Walt Disney Studios Motion Pictures,22-Apr-15,459005868,943803672,1402809540,2 hr 21 min,PG-13
The Dark Knight Rises (2012),Warner Bros.,19-Jul-12,448139099,633003513,1081142612,2 hr 44 min,PG-13
Shrek 2 (2004),DreamWorks Distribution,19-May-04,441226247,487534523,928760770,1 hr 33 min,PG
E.T. the Extra-Terrestrial (1982),Universal Pictures,11-Jun-82,435110554,304203888,792910554,1 hr 55 min,PG
Toy Story 4 (2019),Walt Disney Studios Motion Pictures,20-Jun-19,434038008,639356585,1073394593,1 hr 40 min,G
Captain Marvel (2019),Walt Disney Studios Motion Pictures,6-Mar-19,426829839,701633133,1128462972,2 hr 3 min,PG-13
The Hunger Games: Catching Fire (2013),Lionsgate,15-Nov-13,424668047,440343699,865011746,2 hr 26 min,PG-13
Pirates of the Caribbean: Dead Man's Chest (2006),Walt Disney Studios Motion Pictures,6-Jul-06,423315812,642863935,1066179747,2 hr 31 min,PG-13
The Lion King (1994),Walt Disney Studios Motion Pictures,15-Jun-94,422783777,640828028,1063611805,1 hr 28 min,G
Jurassic World: Fallen Kingdom (2018),Universal Pictures,6-Jun-18,417719760,892746536,1310466296,2 hr 8 min,PG-13
Toy Story 3 (2010),Walt Disney Studios Motion Pictures,16-Jun-10,415004880,651965931,1066970811,1 hr 43 min,NA
Wonder Woman (2017),Warner Bros.,30-May-17,412815408,410009114,822824522,2 hr 21 min,PG-13
Iron Man 3 (2013),Walt Disney Studios Motion Pictures,24-Apr-13,409013994,805797258,1214811252,2 hr 10 min,PG-13
Captain America: Civil War (2016),Walt Disney Studios Motion Pictures,27-Apr-16,408084349,745253147,1153337496,2 hr 27 min,PG-13
The Hunger Games (2012),Lionsgate,8-Mar-12,408010692,286384032,694394724,2 hr 22 min,PG-13
Spider-Man (2002),Sony Pictures Entertainment (SPE),3-May-02,407022860,418002176,825025036,2 hr 1 min,PG-13
Jumanji: Welcome to the Jungle (2017),Sony Pictures Entertainment (SPE),20-Dec-17,404540171,558002774,962542945,1 hr 59 min,PG-13
Jurassic Park (1993),Universal Pictures,11-Jun-93,404214720,629713583,1033928303,2 hr 7 min,PG-13
Transformers: Revenge of the Fallen (2009),DreamWorks,19-Jun-09,402111870,434191823,836303693,2 hr 29 min,PG-13
Frozen (2013),Walt Disney Studios Motion Pictures,22-Nov-13,400953009,880555091,1281508100,1 hr 42 min,PG
Spider-Man: Far from Home (2019),Sony Pictures Entertainment (SPE),28-Jun-19,390532085,741395911,1131927996,2 hr 9 min,PG-13
Guardians of the Galaxy Vol. 2 (2017),Walt Disney Studios Motion Pictures,25-Apr-17,389813101,473942950,863756051,2 hr 16 min,PG-13
Harry Potter and the Deathly Hallows: Part 2 (2011),Warner Bros.,NA,381409310,960912354,1342321665,2 hr 10 min,NA
Finding Nemo (2003),Walt Disney Studios Motion Pictures,30-May-03,380843261,559509384,940352645,1 hr 40 min,NA
Star Wars: Episode III - Revenge of the Sith (2005),Twentieth Century Fox,18-May-05,380270577,488119983,868390560,2 hr 20 min,PG-13
The Lord of the Rings: The Return of the King (2003),New Line Cinema,17-Dec-03,377845905,768185007,1146030912,3 hr 21 min,PG-13
Spider-Man 2 (2004),Sony Pictures Entertainment (SPE),30-Jun-04,373585825,415390628,788976453,2 hr 7 min,PG-13
The Passion of the Christ (2004),Newmarket Films,25-Feb-04,370782930,241271576,612054506,2 hr 7 min,R
The Secret Life of Pets (2016),Universal Pictures,24-Jun-16,368384330,507074301,875458631,1 hr 27 min,PG
Despicable Me 2 (2013),Universal Pictures,20-Jun-13,368065385,602700620,970766005,1 hr 38 min,PG
The Jungle Book (2016),Walt Disney Studios Motion Pictures,7-Apr-16,364001123,602553806,966554929,1 hr 46 min,PG
Deadpool (2016),Twentieth Century Fox,9-Feb-16,363070709,419766082,782836791,1 hr 48 min,R
Inside Out (2015),Walt Disney Studios Motion Pictures,10-Jun-15,356921711,501926308,858848019,1 hr 35 min,PG
Aladdin (2019),Walt Disney Studios Motion Pictures,22-May-19,355559216,695134737,1050693953,2 hr 8 min,PG
Furious 7 (2015),Universal Pictures,1-Apr-15,353007020,1162334379,1515341399,2 hr 17 min,PG-13
Transformers: Dark of the Moon (2011),DreamWorks,29-Jun-11,352390543,771403536,1123794079,2 hr 34 min,PG-13
American Sniper (2014),Warner Bros.,25-Dec-14,350126372,197300000,547426372,2 hr 13 min,R
The Lord of the Rings: The Two Towers (2002),New Line Cinema,18-Dec-02,342551365,604943730,947495095,2 hr 59 min,PG
Zootopia (2016),Walt Disney Studios Motion Pictures,NA,341268248,682852856,1024121104,1 hr 48 min,NA
The Hunger Games: Mockingjay - Part 1 (2014),Lionsgate,19-Nov-14,337135885,418220826,755356711,2 hr 3 min,PG-13
Spider-Man 3 (2007),Sony Pictures Entertainment (SPE),1-May-07,336530303,558453070,894983373,2 hr 19 min,PG-13
Minions (2015),Universal Pictures,9-Apr-15,336045770,823398892,1159444662,1 hr 31 min,PG
Joker (2019),Warner Bros.,2-Oct-19,335451311,738968073,1074419384,2 hr 2 min,R
Aquaman (2018),Warner Bros.,NA,335061807,813424079,1148485886,2 hr 23 min,NA
Spider-Man: Homecoming (2017),Sony Pictures Entertainment (SPE),5-Jul-17,334201140,545965784,880166924,2 hr 13 min,PG-13
Alice in Wonderland (2010),Walt Disney Studios Motion Pictures,3-Mar-10,334191110,691277106,1025468216,1 hr 48 min,PG
Guardians of the Galaxy (2014),Walt Disney Studios Motion Pictures,30-Jul-14,333718600,439631547,773350147,2 hr 1 min,PG-13
Forrest Gump (1994),Paramount Pictures,6-Jul-94,330455270,347770863,678226133,2 hr 22 min,PG-13
Batman v Superman: Dawn of Justice (2016),Warner Bros.,23-Mar-16,330360194,543277334,873637528,2 hr 32 min,PG-13
It (2017),Warner Bros.,6-Sep-17,328828874,372967570,701796444,2 hr 15 min,R
Suicide Squad (2016),Warner Bros.,3-Aug-16,325100054,421746840,746846894,2 hr 3 min,PG-13
Deadpool 2 (2018),Twentieth Century Fox,16-May-18,324591735,461304874,785896609,1 hr 59 min,R
Shrek the Third (2007),DreamWorks,17-May-07,322719944,490647436,813367380,1 hr 33 min,PG
Jumanji: The Next Level (2019),Sony Pictures Entertainment (SPE),4-Dec-19,320314960,479744747,800059707,2 hr 3 min,PG-13
Transformers (2007),DreamWorks,28-Jun-07,319246193,390463587,709709780,2 hr 24 min,PG-13
Iron Man (2008),Paramount Pictures,30-Apr-08,319034126,266762121,585796247,2 hr 6 min,PG-13
Harry Potter and the Sorcerer's Stone (2001),Warner Bros.,16-Nov-01,318087620,698725454,1016813075,2 hr 32 min,PG
Indiana Jones and the Kingdom of the Crystal Skull (2008),Paramount Pictures,21-May-08,317101119,473552823,790653942,2 hr 2 min,PG-13
The Lord of the Rings: The Fellowship of the Ring (2001),New Line Cinema,19-Dec-01,315710750,581979322,897690072,2 hr 58 min,PG-13
Thor: Ragnarok (2017),Walt Disney Studios Motion Pictures,24-Oct-17,315058289,538925622,853983911,2 hr 10 min,PG-13
Iron Man 2 (2010),Paramount Pictures,28-Apr-10,312433331,311500000,623933331,2 hr 4 min,PG-13
Star Wars: Episode II - Attack of the Clones (2002),Twentieth Century Fox,16-May-02,310676740,343103230,653779970,2 hr 22 min,PG
Pirates of the Caribbean: At World's End (2007),Walt Disney Studios Motion Pictures,22-May-07,309420425,651576067,960996492,2 hr 49 min,PG-13
Star Wars: Episode VI - Return of the Jedi (1983),Twentieth Century Fox,25-May-83,309306177,122009457,475106177,2 hr 11 min,PG
Independence Day (1996),Twentieth Century Fox,3-Jul-96,306169268,511231623,817400891,2 hr 25 min,PG-13
Pirates of the Caribbean: The Curse of the Black Pearl (2003),Walt Disney Studios Motion Pictures,9-Jul-03,305413918,348850097,654264015,2 hr 23 min,PG-13
Skyfall (2012),Sony Pictures Entertainment (SPE),25-Oct-12,304360277,804209222,1108569499,2 hr 23 min,PG-13
The Hobbit: An Unexpected Journey (2012),Warner Bros.,NA,303003568,714000000,1017003568,2 hr 49 min,NA
Harry Potter and the Half-Blood Prince (2009),Warner Bros.,15-Jul-09,302305431,632148664,934454096,2 hr 33 min,PG
The Twilight Saga: Eclipse (2010),Summit Entertainment,30-Jun-10,300531751,397959596,698491347,2 hr 4 min,PG-13
The Twilight Saga: New Moon (2009),Summit Entertainment,18-Nov-09,297816253,413209228,711025481,2 hr 10 min,PG-13
Harry Potter and the Deathly Hallows: Part 1 (2010),Warner Bros.,NA,296347721,680695761,977043483,2 hr 26 min,NA
The Sixth Sense (1999),Walt Disney Studios Motion Pictures,6-Aug-99,293506292,379300140,672806432,1 hr 47 min,PG-13
Up (2009),Walt Disney Studios Motion Pictures,28-May-09,293004164,442094938,735099102,1 hr 36 min,PG
Star Wars: Episode V - The Empire Strikes Back (1980),Twentieth Century Fox,21-May-80,292753960,190685234,538375067,2 hr 4 min,PG
Inception (2010),Warner Bros.,15-Jul-10,292576195,544260772,836836967,2 hr 28 min,PG-13
Harry Potter and the Order of the Phoenix (2007),Warner Bros.,11-Jul-07,292353413,649818982,942172396,2 hr 18 min,PG-13
The Twilight Saga: Breaking Dawn - Part 2 (2012),Lionsgate,14-Nov-12,292324737,537422917,829747654,1 hr 55 min,PG-13
"The Chronicles of Narnia: The Lion, the Witch and the Wardrobe (2005)",Walt Disney Studios Motion Pictures,7-Dec-05,291710957,453302158,745013115,2 hr 23 min,PG
Man of Steel (2013),Warner Bros.,12-Jun-13,291045518,377000000,668045518,2 hr 23 min,PG-13
"Monsters, Inc. (2001)",Walt Disney Studios Motion Pictures,2-Nov-01,290642256,289065482,579707738,1 hr 32 min,G
Harry Potter and the Goblet of Fire (2005),Warner Bros.,16-Nov-05,290417905,606260335,896678241,2 hr 37 min,PG-13
Home Alone (1990),Twentieth Century Fox,16-Nov-90,285761243,190923432,476684675,1 hr 43 min,NA
The Hunger Games: Mockingjay - Part 2 (2015),Lionsgate,18-Nov-15,281723902,376620235,658344137,2 hr 17 min,PG-13
The Matrix Reloaded (2003),Warner Bros.,15-May-03,281576461,460271476,741847937,2 hr 18 min,R
The Twilight Saga: Breaking Dawn - Part 1 (2011),Summit Entertainment,16-Nov-11,281287133,430918723,712205856,1 hr 57 min,PG-13
Meet the Fockers (2004),Universal Pictures,22-Dec-04,279261160,243396776,522657936,1 hr 55 min,PG-13
The Hangover (2009),Warner Bros.,5-Jun-09,277322503,191988333,469310836,1 hr 40 min,R
Gravity (2013),Warner Bros.,3-Oct-13,274092705,449100000,723192705,1 hr 31 min,PG-13
The Grinch (2018),Universal Pictures,7-Nov-18,271094731,241474088,512568819,1 hr 25 min,PG
Sing (2016),Universal Pictures,2-Dec-16,270448425,363759959,634208384,1 hr 48 min,PG
Monsters University (2013),Walt Disney Studios Motion Pictures,NA,268492764,475066881,743559645,1 hr 44 min,NA
Shrek (2001),DreamWorks Distribution,16-May-01,267665011,220188309,487853320,1 hr 30 min,PG
Despicable Me 3 (2017),Universal Pictures,14-Jun-17,264624300,770175831,1034800131,1 hr 29 min,PG
Harry Potter and the Chamber of Secrets (2002),Warner Bros.,14-Nov-02,262450136,617152229,879602366,2 hr 41 min,PG
The Amazing Spider-Man (2012),Sony Pictures Entertainment (SPE),28-Jun-12,262030663,495900000,757930663,2 hr 16 min,PG-13
The Incredibles (2004),Walt Disney Studios Motion Pictures,5-Nov-04,261441092,370165961,631607053,1 hr 55 min,NA
Jaws (1975),Universal Pictures,20-Jun-75,260758300,210653000,471411300,2 hr 4 min,NA
How the Grinch Stole Christmas (2000),Universal Pictures,17-Nov-00,260465005,85108027,345573032,1 hr 44 min,PG
Captain America: The Winter Soldier (2014),Walt Disney Studios Motion Pictures,26-Mar-14,259766572,454654931,714421503,2 hr 16 min,PG-13
The Hobbit: The Desolation of Smaug (2013),Warner Bros.,NA,258366855,700640658,959007513,2 hr 41 min,NA
The Lego Movie (2014),Warner Bros.,6-Feb-14,257760692,210300000,468060692,1 hr 40 min,PG
Star Trek (2009),Paramount Pictures,6-May-09,257730019,127950427,385680446,2 hr 7 min,PG-13
I Am Legend (2007),Warner Bros.,12-Dec-07,256393010,329017042,585410052,1 hr 41 min,PG-13
The Blind Side (2009),Warner Bros.,20-Nov-09,255959475,53248834,309208309,2 hr 9 min,PG-13
The Hobbit: The Battle of the Five Armies (2014),Warner Bros.,NA,255119788,707063077,962182865,2 hr 24 min,NA
The Hangover Part II (2011),Warner Bros.,25-May-11,254464305,332300000,586764305,1 hr 42 min,R
Despicable Me (2010),Universal Pictures,8-Jul-10,251513985,291600000,543113985,1 hr 35 min,PG
Batman (1989),Warner Bros.,23-Jun-89,251348343,160160000,411508343,2 hr 6 min,NA
Night at the Museum (2006),Twentieth Century Fox,NA,250863268,323617961,574481229,1 hr 48 min,NA
Men in Black (1997),Sony Pictures Entertainment (SPE),2-Jul-97,250690539,338700000,589390539,1 hr 38 min,PG-13
Harry Potter and the Prisoner of Azkaban (2004),Warner Bros.,31-May-04,249975996,547385621,797361618,2 hr 22 min,PG
Moana (2016),Walt Disney Studios Motion Pictures,NA,248757044,395379444,644136488,1 hr 47 min,NA
Indiana Jones and the Raiders of the Lost Ark (1981),Paramount Pictures,12-Jun-81,248159971,141766000,389925971,1 hr 55 min,PG
Toy Story 2 (1999),Walt Disney Studios Motion Pictures,19-Nov-99,245852179,251523202,497375381,1 hr 32 min,NA
Transformers: Age of Extinction (2014),Paramount Pictures,25-Jun-14,245439076,858614996,1104054072,2 hr 45 min,PG-13
Cars (2006),Walt Disney Studios Motion Pictures,8-Jun-06,244082982,217908885,461991867,1 hr 57 min,NA
Ghostbusters (1984),Columbia Pictures,8-Jun-84,243578797,53000000,296578797,1 hr 45 min,NA
Bruce Almighty (2003),Universal Pictures,23-May-03,242829261,241763613,484592874,1 hr 41 min,PG-13
Twister (1996),Warner Bros.,10-May-96,241721524,252750000,494471524,1 hr 53 min,NA
My Big Fat Greek Wedding (2002),IFC Films,19-Apr-02,241438208,127305836,368744044,1 hr 35 min,PG
Maleficent (2014),Walt Disney Studios Motion Pictures,28-May-14,241410378,517001401,758411779,1 hr 37 min,PG
Pirates of the Caribbean: On Stranger Tides (2011),Walt Disney Studios Motion Pictures,18-May-11,241071802,804642000,1045713802,2 hr 17 min,PG-13
Shrek Forever After (2010),DreamWorks,20-May-10,238736787,513864080,752600867,1 hr 33 min,PG
Fast & Furious 6 (2013),Universal Pictures,17-May-13,238679850,550001118,788680968,2 hr 10 min,PG-13
Brave (2012),Walt Disney Studios Motion Pictures,21-Jun-12,237283207,301700000,538983207,1 hr 33 min,PG
Oz the Great and Powerful (2013),Walt Disney Studios Motion Pictures,6-Mar-13,234911825,258400000,493311825,2 hr 10 min,PG
X-Men: The Last Stand (2006),Twentieth Century Fox,24-May-06,234362462,226072829,460435291,1 hr 44 min,PG-13
War of the Worlds (2005),Paramount Pictures,29-Jun-05,234280354,369592765,603873119,1 hr 56 min,PG-13
Fantastic Beasts and Where to Find Them (2016),Warner Bros.,16-Nov-16,234037575,580006426,814044001,2 hr 12 min,PG-13
X-Men: Days of Future Past (2014),Twentieth Century Fox,21-May-14,233921534,512124166,746045700,2 hr 12 min,PG-13
Cast Away (2000),Twentieth Century Fox,22-Dec-00,233632142,196000000,429632142,2 hr 23 min,PG-13
The Exorcist (1973),Warner Bros.,NA,232906145,136017945,441306145,2 hr 2 min,NA
Doctor Strange (2016),Walt Disney Studios Motion Pictures,25-Oct-16,232641920,445154156,677796076,1 hr 55 min,PG-13
The Lost World: Jurassic Park (1997),Universal Pictures,23-May-97,229086679,389552320,618638999,2 hr 9 min,PG-13
Justice League (2017),Warner Bros.,NA,229024295,428902692,657926987,2 hr,NA
Star Trek Into Darkness (2013),Paramount Pictures,8-May-13,228778661,238586585,467365246,2 hr 12 min,PG-13
The Martian (2015),Twentieth Century Fox,30-Sep-15,228433663,401728785,630162448,2 hr 24 min,PG-13
Signs (2002),Walt Disney Studios Motion Pictures,2-Aug-02,227966634,180281283,408247917,1 hr 46 min,PG-13
Hancock (2008),Sony Pictures Entertainment (SPE),2-Jul-08,227946274,401497154,629443428,1 hr 32 min,PG-13
The Bourne Ultimatum (2007),Universal Pictures,3-Aug-07,227471070,216628965,444100035,1 hr 55 min,PG-13
Logan (2017),Twentieth Century Fox,1-Mar-17,226277068,392902882,619179950,2 hr 17 min,R
Rush Hour 2 (2001),New Line Cinema,3-Aug-01,226164286,121161516,347325802,1 hr 30 min,PG-13
The Fate of the Furious (2017),Universal Pictures,12-Apr-17,226008385,1009996733,1236005118,2 hr 16 min,PG-13
Shang-Chi and the Legend of the Ten Rings (2021),Walt Disney Studios Motion Pictures,NA,224543292,207689718,432233010,2 hr 12 min,NA
WALL·E (2008),Walt Disney Studios Motion Pictures,26-Jun-08,223808164,297503726,521311890,1 hr 38 min,NA
Big Hero 6 (2014),Walt Disney Studios Motion Pictures,25-Oct-14,222527828,435341858,657869686,1 hr 42 min,PG
Mission: Impossible - Fallout (2018),Paramount Pictures,25-Jul-18,220159104,571498294,791657398,2 hr 27 min,PG-13
National Treasure: Book of Secrets (2007),Walt Disney Studios Motion Pictures,NA,219964115,239278134,459242249,2 hr 4 min,NA
Alvin and the Chipmunks: The Squeakquel (2009),Twentieth Century Fox,21-Dec-09,219614612,223525393,443140005,1 hr 28 min,PG
Mrs. Doubtfire (1993),Twentieth Century Fox,24-Nov-93,219195243,222090952,441286195,2 hr 5 min,PG-13
Beauty and the Beast (1991),Walt Disney Studios Motion Pictures,15-Nov-91,218967620,186043788,424967620,1 hr 24 min,NA
Ted (2012),Universal Pictures,29-Jun-12,218815487,330552828,549368315,1 hr 46 min,R
King Kong (2005),Universal Pictures,14-Dec-05,218080025,338826353,556906378,3 hr 7 min,PG-13
Ghost (1990),Paramount Pictures,13-Jul-90,217631306,288072251,505703557,2 hr 7 min,NA
How to Train Your Dragon (2010),DreamWorks,18-Mar-10,217581231,277298240,494879471,1 hr 38 min,PG
The Da Vinci Code (2006),Sony Pictures Entertainment (SPE),17-May-06,217536138,542470807,760006945,2 hr 29 min,PG-13
Aladdin (1992),Walt Disney Studios Motion Pictures,13-Nov-92,217350219,286700000,504050219,1 hr 30 min,NA
Alvin and the Chipmunks (2007),Twentieth Century Fox,12-Dec-07,217326974,148025572,365352546,1 hr 32 min,PG
Saving Private Ryan (1998),DreamWorks Distribution,24-Jul-98,217049603,265300000,482349603,2 hr 49 min,R
Bohemian Rhapsody (2018),Twentieth Century Fox,26-Oct-18,216668042,694141269,910809311,2 hr 14 min,PG-13
Ant-Man and the Wasp (2018),Walt Disney Studios Motion Pictures,NA,216648740,406025399,622674139,1 hr 58 min,NA
Madagascar 3: Europe's Most Wanted (2012),DreamWorks,6-Jun-12,216391482,530529792,746921274,1 hr 35 min,PG
Kung Fu Panda (2008),DreamWorks,5-Jun-08,215434591,416311606,631746197,1 hr 32 min,PG
Mission: Impossible II (2000),Paramount Pictures,24-May-00,215409889,330978219,546388108,2 hr 3 min,PG-13
A Star Is Born (2018),Warner Bros.,3-Oct-18,215288866,220900000,436188866,2 hr 16 min,R
X2: X-Men United (2003),Twentieth Century Fox,30-Apr-03,214949694,192761855,407711549,2 hr 14 min,PG-13
The Lorax (2012),Universal Pictures,1-Mar-12,214030500,134809816,348840316,1 hr 26 min,PG
Solo: A Star Wars Story (2018),Walt Disney Studios Motion Pictures,23-May-18,213767512,179157295,392924807,2 hr 15 min,PG-13
Venom (2018),Sony Pictures Entertainment (SPE),3-Oct-18,213515506,642569645,856085151,1 hr 52 min,PG-13
Austin Powers in Goldmember (2002),New Line Cinema,26-Jul-02,213307889,83630912,296938801,1 hr 34 min,PG-13
Venom: Let There Be Carnage (2021),Sony Pictures Entertainment (SPE),NA,212638437,288500000,501138437,1 hr 37 min,NA
It Chapter Two (2019),Warner Bros.,4-Sep-19,211593228,261500000,473093228,2 hr 49 min,R
Back to the Future (1985),Universal Pictures,3-Jul-85,211406762,170500000,381906762,1 hr 56 min,NA
300 (2006),Warner Bros.,7-Mar-07,210614939,245453242,456068181,1 hr 57 min,R
Coco (2017),Walt Disney Studios Motion Pictures,NA,210460015,597357873,807817888,1 hr 45 min,NA
Fast Five (2011),Universal Pictures,20-Apr-11,209837675,416300000,626137675,2 hr 10 min,PG-13
Mission: Impossible - Ghost Protocol (2011),Paramount Pictures,14-Dec-11,209397903,485315477,694713380,2 hr 12 min,PG-13
Wedding Crashers (2005),New Line Cinema,14-Jul-05,209255921,79211724,288467645,1 hr 59 min,R
Sherlock Holmes (2009),Warner Bros.,1-Jan-09,209028679,315000000,524028679,2 hr 8 min,PG-13
Dawn of the Planet of the Apes (2014),Twentieth Century Fox,9-Jul-14,208545589,502098977,710644566,2 hr 10 min,PG-13
Batman Begins (2005),Warner Bros.,15-Jun-05,206852432,166809514,373661946,2 hr 20 min,PG-13
Charlie and the Chocolate Factory (2005),Warner Bros.,14-Jul-05,206459076,268509687,474968763,1 hr 55 min,PG
Ratatouille (2007),Walt Disney Studios Motion Pictures,28-Jun-07,206445654,417280431,623726085,1 hr 51 min,G
Thor: The Dark World (2013),Walt Disney Studios Motion Pictures,30-Oct-13,206362140,438421000,644783140,1 hr 52 min,PG-13
Bad Boys for Life (2020),Sony Pictures Entertainment (SPE),15-Jan-20,206305244,220200000,426505244,2 hr 4 min,R
Austin Powers: The Spy Who Shagged Me (1999),New Line Cinema,11-Jun-99,206040086,105976842,312016928,1 hr 35 min,PG-13
Terminator 2: Judgment Day (1991),TriStar Pictures,3-Jul-91,205881154,312106698,520881154,2 hr 17 min,R
The Amazing Spider-Man 2 (2014),Sony Pictures Entertainment (SPE),NA,202853933,506128390,708982323,2 hr 22 min,NA
World War Z (2013),Paramount Pictures,19-Jun-13,202807711,337648165,540455876,1 hr 56 min,PG-13
The Mummy Returns (2001),Universal Pictures,4-May-01,202019785,241261119,443280904,2 hr 10 min,PG-13
Armageddon (1998),Walt Disney Studios Motion Pictures,1-Jul-98,201578182,352131606,553709788,2 hr 31 min,PG-13
Cinderella (2015),Walt Disney Studios Motion Pictures,11-Mar-15,201151353,341206978,542358331,1 hr 45 min,PG
Ralph Breaks the Internet (2018),Walt Disney Studios Motion Pictures,21-Nov-18,201091711,328232251,529323962,1 hr 52 min,PG
Tangled (2010),Walt Disney Studios Motion Pictures,24-Nov-10,200821936,391640880,592462816,1 hr 40 min,PG
Godzilla (2014),Warner Bros.,14-May-14,200676069,324300000,524976069,2 hr 3 min,PG-13
Superman Returns (2006),Warner Bros.,28-Jun-06,200081192,191000000,391081192,2 hr 34 min,PG-13
Spectre (2015),Sony Pictures Entertainment (SPE),26-Oct-15,200074609,680606910,880681519,2 hr 28 min,PG-13
Pearl Harbor (2001),Walt Disney Studios Motion Pictures,25-May-01,198542554,250678391,449220945,3 hr 3 min,PG-13
Monsters vs. Aliens (2009),DreamWorks,19-Mar-09,198351526,183158344,381509870,1 hr 34 min,PG
Happy Feet (2006),Warner Bros.,17-Nov-06,198000317,186335791,384336108,1 hr 48 min,PG
Indiana Jones and the Last Crusade (1989),Paramount Pictures,24-May-89,197171806,277000000,474171806,2 hr 7 min,PG-13
Ice Age: Dawn of the Dinosaurs (2009),Twentieth Century Fox,29-Jun-09,196573705,690113112,886686817,1 hr 34 min,PG
Ice Age: The Meltdown (2006),Twentieth Century Fox,29-Mar-06,195330621,471763885,667094506,1 hr 31 min,PG
Mission: Impossible - Rogue Nation (2015),Paramount Pictures,24-Jul-15,195042377,487674259,682716636,2 hr 11 min,PG-13
Twilight (2008),Summit Entertainment,20-Nov-08,193962473,214467942,408430415,2 hr 2 min,PG-13
Men in Black II (2002),Sony Pictures Entertainment (SPE),3-Jul-02,193735288,251400000,445135288,1 hr 28 min,PG-13
Madagascar (2005),DreamWorks Distribution,NA,193595521,348468325,542063846,1 hr 26 min,NA
22 Jump Street (2014),Sony Pictures Entertainment (SPE),5-Jun-14,191719337,139614539,331333876,1 hr 52 min,R
Cars 2 (2011),Walt Disney Studios Motion Pictures,22-Jun-11,191452396,368400000,559852396,1 hr 46 min,G
Teenage Mutant Ninja Turtles (2014),Paramount Pictures,7-Aug-14,191204754,293800000,485004754,1 hr 41 min,PG-13
Spider-Man: Into the Spider-Verse (2018),Sony Pictures Entertainment (SPE),12-Dec-18,190241310,185299521,375540831,1 hr 57 min,PG
Grease (1978),Paramount Pictures,16-Jun-78,190071103,206200000,396271103,1 hr 50 min,PG
Dunkirk (2017),Warner Bros.,19-Jul-17,189740665,337275642,527016307,1 hr 46 min,PG-13
Wreck-It Ralph (2012),Walt Disney Studios Motion Pictures,1-Nov-12,189422889,281800000,471222889,1 hr 41 min,PG
A Quiet Place (2018),Paramount Pictures,4-Apr-18,188024361,152928610,340952971,1 hr 30 min,PG-13
Interstellar (2014),Paramount Pictures,5-Nov-14,188020017,513709189,701729206,2 hr 49 min,PG-13
The Polar Express (2004),Warner Bros.,10-Nov-04,187935490,126279964,314215454,1 hr 40 min,NA
Gladiator (2000),DreamWorks Distribution,4-May-00,187705427,277675375,465380802,2 hr 35 min,R
The Croods (2013),Twentieth Century Fox,15-Mar-13,187168425,400067558,587235983,1 hr 38 min,PG
Sherlock Holmes: A Game of Shadows (2011),Warner Bros.,NA,186848418,357000000,543848418,2 hr 9 min,NA
The Day After Tomorrow (2004),Twentieth Century Fox,26-May-04,186740799,365898772,552639571,2 hr 4 min,PG-13
Mr. & Mrs. Smith (2005),Twentieth Century Fox,8-Jun-05,186336279,300951367,487287646,2 hr,PG-13
Snow White and the Seven Dwarfs (1937),Walt Disney Studios Motion Pictures,NA,184925486,184925486,184925486,1 hr 23 min,NA
Pitch Perfect 2 (2015),Universal Pictures,7-May-15,184296230,102847849,287144079,1 hr 55 min,PG-13
Dances with Wolves (1990),Orion Pictures,9-Nov-90,184208848,240000000,424208848,3 hr 1 min,NA
Batman Forever (1995),Warner Bros.,16-Jun-95,184069126,152498032,336567158,2 hr 1 min,PG-13
The Fugitive (1993),Warner Bros.,NA,183875760,185000000,368875760,2 hr 10 min,NA
Black Widow (2021),Walt Disney Studios Motion Pictures,NA,183651655,195979696,379631351,2 hr 14 min,NA
The Revenant (2015),Twentieth Century Fox,25-Dec-15,183637894,349312609,532950503,2 hr 36 min,R
Ocean's Eleven (2001),Warner Bros.,7-Dec-01,183417150,267300000,450717150,1 hr 56 min,PG-13
The Simpsons Movie (2007),Twentieth Century Fox,25-Jul-07,183135014,353279279,536414293,1 hr 27 min,PG-13
What Women Want (2000),Paramount Pictures,15-Dec-00,182811707,191300000,374111707,2 hr 7 min,PG-13
The Perfect Storm (2000),Warner Bros.,30-Jun-00,182618434,146100000,328718434,2 hr 10 min,PG-13
Lincoln (2012),Walt Disney Studios Motion Pictures,9-Nov-12,182207973,93085477,275293450,2 hr 30 min,PG-13
Liar Liar (1997),Universal Pictures,NA,181410615,121300000,302710615,1 hr 26 min,NA
Jurassic Park III (2001),Universal Pictures,5-Jul-01,181171875,187608934,368780809,1 hr 32 min,PG-13
Thor (2011),Paramount Pictures,21-Apr-11,181030624,268295994,449326618,1 hr 55 min,PG-13
Mission: Impossible (1996),Paramount Pictures,22-May-96,180981856,276714535,457696391,1 hr 50 min,PG-13
Ant-Man (2015),Walt Disney Studios Motion Pictures,10-Jul-15,180202163,339109802,519311965,1 hr 57 min,PG-13
Planet of the Apes (2001),Twentieth Century Fox,27-Jul-01,180011740,182200000,362211740,1 hr 59 min,PG-13
Madagascar: Escape 2 Africa (2008),DreamWorks,30-Oct-08,180010950,423889404,603900354,1 hr 29 min,PG
X-Men Origins: Wolverine (2009),Twentieth Century Fox,29-Apr-09,179883157,193179707,373062864,1 hr 47 min,PG-13
Indiana Jones and the Temple of Doom (1984),Paramount Pictures,23-May-84,179870271,153237000,333107271,1 hr 58 min,NA
Hitch (2005),Sony Pictures Entertainment (SPE),11-Feb-05,179495555,192098655,371594210,1 hr 58 min,PG-13
Men in Black 3 (2012),Sony Pictures Entertainment (SPE),23-May-12,179020854,445005922,624026776,1 hr 46 min,PG-13
Pretty Woman (1990),Walt Disney Studios Motion Pictures,23-Mar-90,178406268,285000000,463406268,1 hr 59 min,R
Home (2015),Twentieth Century Fox,19-Mar-15,177397510,208644097,386041607,1 hr 34 min,PG
Night at the Museum: Battle of the Smithsonian (2009),Twentieth Century Fox,20-May-09,177243721,235862449,413106170,1 hr 45 min,PG
Tootsie (1982),Columbia Pictures,17-Dec-82,177200000,177200000,177200000,1 hr 56 min,NA
How to Train Your Dragon 2 (2014),Twentieth Century Fox,5-Jun-14,177002924,444534595,621537519,1 hr 42 min,PG
Rise of the Planet of the Apes (2011),Twentieth Century Fox,3-Aug-11,176760185,305040688,481800873,1 hr 45 min,PG-13
Captain America: The First Avenger (2011),Paramount Pictures,22-Jul-11,176654505,193915269,370569774,2 hr 4 min,PG-13
Elf (2003),New Line Cinema,7-Nov-03,176630408,47223328,223853736,1 hr 37 min,PG
The Karate Kid (2010),Sony Pictures Entertainment (SPE),10-Jun-10,176591618,182534404,359126022,2 hr 20 min,PG
There's Something About Mary (1998),Twentieth Century Fox,15-Jul-98,176484651,193400000,369884651,1 hr 59 min,R
Ice Age (2002),Twentieth Century Fox,14-Mar-02,176387405,206869731,383257136,1 hr 21 min,PG
The Bourne Supremacy (2004),Universal Pictures,23-Jul-04,176241941,114593328,290835269,1 hr 48 min,PG-13
The Lego Batman Movie (2017),Warner Bros.,2-Feb-17,175750384,136200000,311950384,1 hr 44 min,PG
Us (2019),Universal Pictures,20-Mar-19,175084580,80100902,255185482,1 hr 56 min,R
The Boss Baby (2017),Twentieth Century Fox,NA,175003033,352962903,527965936,1 hr 37 min,NA
Crazy Rich Asians (2018),Warner Bros.,15-Aug-18,174532921,64006277,238539198,2 hr,PG-13
The Greatest Showman (2017),Twentieth Century Fox,20-Dec-17,174340174,262609460,436949634,1 hr 45 min,PG
Fast & Furious Presents: Hobbs & Shaw (2019),Universal Pictures,1-Jul-19,173956935,585100000,759056935,2 hr 17 min,NA
Apollo 13 (1995),Universal Pictures,NA,173837933,181077570,355237933,2 hr 20 min,NA
Home Alone 2: Lost in New York (1992),Twentieth Century Fox,NA,173585516,185409334,358994850,2 hr,NA
National Treasure (2004),Walt Disney Studios Motion Pictures,19-Nov-04,173008894,174503424,347512318,2 hr 11 min,PG
F9: The Fast Saga (2021),Universal Pictures,NA,173005945,553223556,726229501,2 hr 23 min,NA
Air Force One (1997),Sony Pictures Entertainment (SPE),25-Jul-97,172956409,142200000,315156409,2 hr 4 min,R
Rain Man (1988),Metro-Goldwyn-Mayer (MGM),16-Dec-88,172825435,182000000,354825435,2 hr 13 min,NA
Pirates of the Caribbean: Dead Men Tell No Tales (2017),Walt Disney Studios Motion Pictures,24-May-17,172558876,622322566,794881442,2 hr 9 min,PG-13
TRON: Legacy (2010),Walt Disney Studios Motion Pictures,16-Dec-10,172062763,228001089,400063852,2 hr 5 min,PG
Mary Poppins Returns (2018),Walt Disney Studios Motion Pictures,19-Dec-18,171958438,177587704,349546142,2 hr 10 min,PG
The Matrix (1999),Warner Bros.,31-Mar-99,171479930,295145800,466625730,2 hr 16 min,R
True Grit (2010),Paramount Pictures,22-Dec-10,171243005,81033922,252276927,1 hr 50 min,PG-13
Tarzan (1999),Walt Disney Studios Motion Pictures,16-Jun-99,171091819,277100000,448191819,1 hr 28 min,G
John Wick: Chapter 3 - Parabellum (2019),Lionsgate,15-May-19,171015687,156266092,327281779,2 hr 10 min,R
A Beautiful Mind (2001),Universal Pictures,21-Dec-01,170742341,146048916,316791257,2 hr 15 min,PG-13
Chicago (2002),Miramax,26-Feb-02,170687518,136089214,306776732,1 hr 53 min,PG-13
The Help (2011),Walt Disney Studios Motion Pictures,10-Aug-11,169708112,46931000,216639112,2 hr 26 min,PG-13
Hotel Transylvania 2 (2015),Sony Pictures Entertainment (SPE),21-Sep-15,169700110,305486596,475186706,1 hr 29 min,PG
Hidden Figures (2016),Twentieth Century Fox,25-Dec-16,169607287,66349611,235956898,2 hr 7 min,PG
Bridesmaids (2011),Universal Pictures,12-May-11,169106725,119276798,288383523,2 hr 5 min,R
Quantum of Solace (2008),Sony Pictures Entertainment (SPE),31-Oct-08,168368427,421212055,589580482,1 hr 46 min,PG-13
Wild Hogs (2007),Walt Disney Studios Motion Pictures,NA,168273550,85351877,253625427,1 hr 40 min,NA
Kong: Skull Island (2017),Warner Bros.,8-Mar-17,168052812,398600000,566652812,1 hr 58 min,PG-13
Three Men and a Baby (1987),Walt Disney Studios Motion Pictures,25-Nov-87,167780960,167780960,167780960,1 hr 42 min,NA
Gone Girl (2014),Twentieth Century Fox,2-Oct-14,167767189,201563174,369330363,2 hr 29 min,R
Hotel Transylvania 3: Summer Vacation (2018),Sony Pictures Entertainment (SPE),28-Jun-18,167510016,361073758,528583774,1 hr 37 min,PG
Casino Royale (2006),Sony Pictures Entertainment (SPE),15-Nov-06,167445960,449056952,616502912,2 hr 24 min,PG-13
Meet the Parents (2000),Universal Pictures,6-Oct-00,166244045,164200000,330444045,1 hr 48 min,PG-13
Fifty Shades of Grey (2015),Universal Pictures,11-Feb-15,166167230,403484237,569651467,2 hr 5 min,R
2012 (2009),Sony Pictures Entertainment (SPE),11-Nov-09,166112167,625105659,791217826,2 hr 38 min,PG-13
Robin Hood: Prince of Thieves (1991),Warner Bros.,14-Jun-91,165493908,225000000,390493908,2 hr 23 min,NA
Knives Out (2019),Lionsgate,21-Nov-19,165363234,146242347,311605581,2 hr 10 min,PG-13
Kung Fu Panda 2 (2011),DreamWorks,26-May-11,165249063,500443218,665692281,1 hr 30 min,PG
Hannibal (2001),Metro-Goldwyn-Mayer (MGM),9-Feb-01,165092268,186600000,351692268,2 hr 11 min,R
Eternals (2021),Walt Disney Studios Motion Pictures,NA,164819595,237027887,401847482,2 hr 36 min,NA
Catch Me If You Can (2002),DreamWorks Distribution,25-Dec-02,164615351,187498961,352114312,2 hr 21 min,PG-13
The Proposal (2009),Walt Disney Studios Motion Pictures,17-Jun-09,163958031,153417000,317375031,1 hr 48 min,PG-13
The Pursuit of Happyness (2006),Sony Pictures Entertainment (SPE),15-Dec-06,163566459,143561166,307127625,1 hr 57 min,PG-13
Big Daddy (1999),Sony Pictures Entertainment (SPE),25-Jun-99,163479795,71322100,234801895,1 hr 33 min,PG-13
Clash of the Titans (2010),Warner Bros.,31-Mar-10,163214888,330000105,493214993,1 hr 46 min,PG-13
The SpongeBob Movie: Sponge Out of Water (2015),Paramount Pictures,28-Jan-15,162994032,162192000,325186032,1 hr 32 min,PG
Batman Returns (1992),Warner Bros.,19-Jun-92,162902340,103990656,266892996,2 hr 6 min,PG-13
Django Unchained (2012),The Weinstein Company,25-Dec-12,162805434,263268939,426074373,2 hr 45 min,R
A Bug's Life (1998),Walt Disney Studios Motion Pictures,20-Nov-98,162798565,200460294,363258859,1 hr 35 min,NA
Jason Bourne (2016),Universal Pictures,27-Jul-16,162434410,253050504,415484914,2 hr 3 min,PG-13
Grown Ups (2010),Sony Pictures Entertainment (SPE),24-Jun-10,162001186,109456115,271457301,1 hr 42 min,PG-13
The Waterboy (1998),Walt Disney Studios Motion Pictures,6-Nov-98,161491646,24500000,185991646,1 hr 30 min,PG-13
Ice Age: Continental Drift (2012),Twentieth Century Fox,27-Jun-12,161321843,715922939,877244782,1 hr 28 min,PG
Straight Outta Compton (2015),Universal Pictures,14-Aug-15,161197785,40437206,201634991,2 hr 27 min,R
Die Another Day (2002),Metro-Goldwyn-Mayer (MGM),20-Nov-02,160942139,271028977,431971116,2 hr 13 min,PG-13
Shark Tale (2004),DreamWorks Distribution,23-Sep-04,160861908,213721971,374583879,1 hr 30 min,PG
How to Train Your Dragon: The Hidden World (2019),Universal Pictures,3-Jan-19,160799505,363589578,524389083,1 hr 44 min,PG
No Time to Die (2021),Metro-Goldwyn-Mayer (MGM),NA,160772007,613262000,774034007,2 hr 43 min,NA
A Quiet Place Part II (2020),Paramount Pictures,NA,160072261,137300000,297372261,1 hr 37 min,NA
The Heat (2013),Twentieth Century Fox,22-Feb-96,159582188,70348583,229930771,1 hr 57 min,R
Fantastic Beasts: The Crimes of Grindelwald (2018),Warner Bros.,12-Oct-18,159555901,495300000,654855901,2 hr 14 min,PG-13
Halloween (2018),Universal Pictures,17-Oct-18,159342015,96272926,255614941,1 hr 46 min,R
1917 (2019),Universal Pictures,25-Dec-19,159227644,225691745,384919389,1 hr 59 min,R
The Secret Life of Pets 2 (2019),Universal Pictures,24-May-19,158874395,271176898,430051293,1 hr 26 min,PG
Star Trek Beyond (2016),Paramount Pictures,20-Jul-16,158848340,184623476,343471816,2 hr 2 min,PG-13
The Firm (1993),Paramount Pictures,NA,158348367,111900000,270248367,2 hr 34 min,NA
The Longest Yard (2005),Paramount Pictures,27-May-05,158119460,33347096,191466556,1 hr 53 min,PG-13
X-Men (2000),Twentieth Century Fox,13-Jul-00,157299718,139039810,296339528,1 hr 44 min,PG-13
Scary Movie (2000),Miramax,7-Jul-00,157019771,121000000,278019771,1 hr 28 min,R
Who Framed Roger Rabbit (1988),Walt Disney Studios Motion Pictures,24-Jun-88,156452370,173351588,329803958,1 hr 44 min,NA
What Lies Beneath (2000),DreamWorks Distribution,21-Jul-00,155464351,135956000,291420351,2 hr 10 min,PG-13
X-Men: Apocalypse (2016),Twentieth Century Fox,18-May-16,155442489,388491616,543934105,2 hr 24 min,PG-13
The Mummy (1999),Universal Pictures,7-May-99,155385488,260547918,415933406,2 hr 4 min,PG-13
Snow White and the Huntsman (2012),Universal Pictures,30-May-12,155332381,241260448,396592829,2 hr 7 min,PG-13
San Andreas (2015),Warner Bros.,22-May-15,155190832,318818322,474009154,1 hr 54 min,PG-13
Fast & Furious (2009),Universal Pictures,2-Apr-09,155064265,205302605,360366870,1 hr 47 min,PG-13
Over the Hedge (2006),DreamWorks,NA,155019340,184776550,339795890,1 hr 23 min,NA
Fantastic Four (2005),Twentieth Century Fox,6-Jul-05,154696080,178839854,333535934,1 hr 46 min,PG-13
Horton Hears a Who! (2008),Twentieth Century Fox,12-Mar-08,154529439,144043360,298572799,1 hr 26 min,NA
Mad Max: Fury Road (2015),Warner Bros.,7-May-15,154058340,221600410,375658750,2 hr,R
Jerry Maguire (1996),Sony Pictures Entertainment (SPE),13-Dec-96,153952592,119600000,273552592,2 hr 19 min,R
Trolls (2016),Twentieth Century Fox,13-Oct-16,153707064,193157822,346864886,1 hr 32 min,PG
Scooby-Doo (2002),Warner Bros.,14-Jun-02,153294164,122356539,275650703,1 hr 29 min,PG
Cars 3 (2017),Walt Disney Studios Motion Pictures,NA,152901115,231029541,383930656,1 hr 42 min,NA
Sex and the City (2008),Warner Bros.,28-May-08,152647258,266118261,418765519,2 hr 25 min,R
Runaway Bride (1999),Paramount Pictures,30-Jul-99,152257509,157202783,309460292,1 hr 56 min,PG
La La Land (2016),Lionsgate,7-Dec-16,151101803,297805062,448906865,2 hr 8 min,PG-13
Divergent (2014),Lionsgate,20-Mar-14,150947895,137937923,288885818,2 hr 19 min,PG-13
We're the Millers (2013),Warner Bros.,29-Aug-12,150394119,119600000,269994119,1 hr 50 min,R
Terminator 3: Rise of the Machines (2003),Warner Bros.,2-Jul-03,150371112,283000000,433371112,1 hr 49 min,R
Daddy's Home (2015),Paramount Pictures,NA,150357137,92429000,242786137,1 hr 36 min,NA
G.I. Joe: The Rise of Cobra (2009),Paramount Pictures,5-Aug-09,150201498,152267519,302469017,1 hr 58 min,PG-13
Neighbors (2014),Universal Pictures,8-May-14,150157400,120507734,270665134,1 hr 37 min,R
American Hustle (2013),Sony Pictures Entertainment (SPE),12-Dec-13,150117807,101054000,251171807,2 hr 18 min,R
Puss in Boots (2011),DreamWorks,27-Oct-11,149260504,405726973,554987477,1 hr 30 min,PG
Sonic the Hedgehog (2020),Paramount Pictures,12-Feb-20,148974665,170741018,319715683,1 hr 39 min,PG
Les Misérables (2012),Universal Pictures,19-Dec-12,148809770,293489539,442299309,2 hr 38 min,PG-13
Knocked Up (2007),Universal Pictures,1-Jun-07,148768917,71153500,219922417,2 hr 9 min,R
As Good as It Gets (1997),Sony Pictures Entertainment (SPE),23-Dec-97,148478011,165700000,314178011,2 hr 19 min,PG-13
Little Fockers (2010),Universal Pictures,22-Dec-10,148438600,162211985,310650585,1 hr 38 min,PG-13
Megamind (2010),DreamWorks,28-Oct-10,148415853,173469912,321885765,1 hr 35 min,PG
Hotel Transylvania (2012),Sony Pictures Entertainment (SPE),20-Sep-12,148313048,210062555,358375603,1 hr 31 min,PG
Talladega Nights: The Ballad of Ricky Bobby (2006),Sony Pictures Entertainment (SPE),4-Aug-06,148213377,15148718,163362095,1 hr 48 min,PG-13
Gran Torino (2008),Warner Bros.,12-Dec-08,148095302,121862926,269958228,1 hr 56 min,R
Lethal Weapon 2 (1989),Warner Bros.,NA,147253986,80600000,227853986,1 hr 54 min,NA
War for the Planet of the Apes (2017),Twentieth Century Fox,11-Jul-17,146880162,343839601,490719763,2 hr 20 min,PG-13
X-Men: First Class (2011),Twentieth Century Fox,1-Jun-11,146408305,206208385,352616690,2 hr 11 min,PG-13
Paul Blart: Mall Cop (2009),Sony Pictures Entertainment (SPE),16-Jan-09,146336178,37012251,183348429,1 hr 31 min,PG
True Lies (1994),Twentieth Century Fox,15-Jul-94,146282411,232600000,378882411,2 hr 21 min,R
Lilo & Stitch (2002),Walt Disney Studios Motion Pictures,21-Jun-02,145794338,127349813,273144151,1 hr 25 min,PG
The Santa Clause (1994),Walt Disney Studios Motion Pictures,11-Nov-94,145539357,45000000,190539357,1 hr 37 min,PG
The Meg (2018),Warner Bros.,8-Aug-18,145443742,384994536,530438278,1 hr 53 min,PG-13
American Pie 2 (2001),Universal Pictures,10-Aug-01,145103595,142450000,287553595,1 hr 48 min,R
Taken (2008),Twentieth Century Fox,27-Feb-08,145000989,81836771,226837760,1 hr 30 min,PG-13
The Great Gatsby (2013),Warner Bros.,10-May-13,144840419,208801855,353642274,2 hr 23 min,PG-13
"I, Robot (2004)",Twentieth Century Fox,15-Jul-04,144801023,208332875,353133898,1 hr 55 min,PG-13
Lethal Weapon 3 (1992),Warner Bros.,15-May-92,144731527,177000000,321731527,1 hr 58 min,R
The Fast and the Furious (2001),Universal Pictures,22-Jun-01,144533925,62771584,207305509,1 hr 46 min,PG-13
Mamma Mia! (2008),Universal Pictures,27-Jun-08,144169664,467088155,611257819,1 hr 48 min,PG-13
Doctor Dolittle (1998),Twentieth Century Fox,NA,144156605,150300000,294456605,1 hr 25 min,NA
Pokémon Detective Pikachu (2019),Warner Bros.,3-May-19,144105346,289409488,433514834,1 hr 44 min,PG
Rio (2011),Twentieth Century Fox,4-Apr-11,143619809,340246709,483866518,1 hr 36 min,PG
Kung Fu Panda 3 (2016),Twentieth Century Fox,28-Jan-16,143528619,377642206,521170825,1 hr 35 min,PG
Juno (2007),Fox Searchlight Pictures,5-Dec-07,143495265,88877416,232372681,1 hr 36 min,PG-13
Marley & Me (2008),Twentieth Century Fox,NA,143153751,112589342,255743093,1 hr 51 min,NA
The Smurfs (2011),Sony Pictures Entertainment (SPE),27-Jul-11,142614158,421135165,563749323,1 hr 43 min,PG
Once Upon a Time... In Hollywood (2019),Sony Pictures Entertainment (SPE),25-Jul-19,142502728,232063026,374565754,2 hr 41 min,R
xXx (2002),Revolution Studios,9-Aug-02,142109382,135339000,277448382,2 hr 4 min,PG-13
The Chronicles of Narnia: Prince Caspian (2008),Walt Disney Studios Motion Pictures,15-May-08,141621490,278044078,419665568,2 hr 30 min,PG
Pocahontas (1995),Walt Disney Studios Motion Pictures,NA,141579773,204500000,346079773,1 hr 21 min,NA
A Few Good Men (1992),Columbia Pictures,11-Dec-92,141340178,101900000,243240178,2 hr 18 min,R
Slumdog Millionaire (2008),Fox Searchlight Pictures,12-Nov-08,141319928,237090614,378410542,2 hr,R
Rush Hour (1998),New Line Cinema,18-Sep-98,141186864,103534200,244721064,1 hr 38 min,PG-13
The Blair Witch Project (1999),Artisan Entertainment,16-Jul-99,140539099,108100000,248639099,1 hr 21 min,R
Deep Impact (1998),Paramount Pictures,NA,140464664,209000000,349464664,2 hr,NA
Shazam! (2019),Warner Bros.,3-Apr-19,140371656,225600000,365971656,2 hr 12 min,PG-13
Ocean's Eight (2018),Warner Bros.,7-Jun-18,140218711,157500000,297718711,1 hr 50 min,PG-13
Rush Hour 3 (2007),New Line Cinema,8-Aug-07,140125968,117971154,258097122,1 hr 31 min,PG-13
Stuart Little (1999),Sony Pictures Entertainment (SPE),17-Dec-99,140035367,160100000,300135367,1 hr 24 min,PG
Taken 2 (2012),Twentieth Century Fox,27-Sep-12,139854287,236298168,376152455,1 hr 32 min,PG-13
Sister Act (1992),Walt Disney Studios Motion Pictures,NA,139605150,92000000,231605150,1 hr 40 min,NA
The Matrix Revolutions (2003),Warner Bros.,5-Nov-03,139313948,288030377,427344325,2 hr 9 min,R
The Santa Clause 2 (2002),Walt Disney Studios Motion Pictures,1-Nov-02,139236327,33618738,172855065,1 hr 44 min,NA
The King's Speech (2010),The Weinstein Company,26-Nov-10,138797449,288576868,427374317,1 hr 58 min,R
Cheaper by the Dozen (2003),Twentieth Century Fox,25-Dec-03,138614544,51924086,190538630,1 hr 38 min,PG
Bad Boys II (2003),Sony Pictures Entertainment (SPE),18-Jul-03,138608444,134731112,273339556,2 hr 27 min,R
Platoon (1986),Orion Pictures,19-Dec-86,138530565,15067,138545632,2 hr,NA
21 Jump Street (2012),Sony Pictures Entertainment (SPE),15-Mar-12,138447667,63137661,201585328,1 hr 49 min,R
Good Will Hunting (1997),Miramax,NA,138433435,87500000,225933435,2 hr 6 min,NA
Split (2016),Universal Pictures,18-Jan-17,138291365,140163052,278454417,1 hr 57 min,PG-13
A Christmas Carol (2009),Walt Disney Studios Motion Pictures,9-Sep-09,137855863,187430783,325286646,1 hr 36 min,PG
Dinosaur (2000),Walt Disney Studios Motion Pictures,19-May-00,137748063,212074702,349822765,1 hr 22 min,PG
Ready Player One (2018),Warner Bros.,28-Mar-18,137690172,445203499,582893671,2 hr 20 min,PG-13
The Conjuring (2013),Warner Bros.,18-Jul-13,137400141,182890848,320290989,1 hr 52 min,R
Click (2006),Revolution Studios,22-Jun-06,137355633,103329693,240685326,1 hr 47 min,PG-13
The Green Mile (1999),Warner Bros.,10-Dec-99,136801374,150000000,286801374,3 hr 9 min,R
Ransom (1996),Walt Disney Studios Motion Pictures,NA,136492681,173000000,309492681,2 hr 1 min,NA
Godzilla (1998),Sony Pictures Entertainment (SPE),20-May-98,136314294,242700000,379014294,2 hr 19 min,PG-13
Argo (2012),Warner Bros.,11-Oct-12,136025503,96300000,232325503,2 hr,R
Anger Management (2003),Revolution Studios,11-Apr-03,135645823,60100000,195745823,1 hr 46 min,PG-13
Chicken Little (2005),Walt Disney Studios Motion Pictures,4-Nov-05,135386665,179046172,314432837,1 hr 21 min,G
Teenage Mutant Ninja Turtles (1990),New Line Cinema,30-Mar-90,135265915,66700000,201965915,1 hr 33 min,NA
Patch Adams (1998),Universal Pictures,25-Dec-98,135026902,67266000,202292902,1 hr 55 min,PG-13
The Godfather (1972),Paramount Pictures,15-Mar-72,134966411,111154575,246120986,2 hr 55 min,NA
Ride Along (2014),Universal Pictures,17-Jan-14,134938200,19530702,154468902,1 hr 39 min,PG-13
The Incredible Hulk (2008),Universal Pictures,11-Jun-08,134806913,129964083,264770996,1 hr 52 min,PG-13
Live Free or Die Hard (2007),Twentieth Century Fox,26-Jun-07,134529403,253626608,388156011,2 hr 8 min,PG-13
Wanted (2008),Universal Pictures,26-Jun-08,134508551,207954512,342463063,1 hr 50 min,R
Identity Thief (2013),Universal Pictures,7-Feb-13,134506920,39458090,173965010,1 hr 51 min,R
Superman (1978),Warner Bros.,15-Dec-78,134451603,166000000,300451603,2 hr 23 min,PG
The Rock (1996),Walt Disney Studios Motion Pictures,7-Jun-96,134069511,200993110,335062621,2 hr 16 min,R
Mission: Impossible III (2006),Paramount Pictures,3-May-06,134029801,264449696,398479497,2 hr 6 min,PG-13
Grown Ups 2 (2013),Sony Pictures Entertainment (SPE),11-Jul-13,133668525,113315753,246984278,1 hr 41 min,PG-13
Troy (2004),Warner Bros.,12-May-04,133378256,364031596,497409852,2 hr 43 min,R
Angels & Demons (2009),Sony Pictures Entertainment (SPE),13-May-09,133375846,352554970,485930816,2 hr 18 min,PG-13
Alvin and the Chipmunks: Chipwrecked (2011),Twentieth Century Fox,14-Dec-11,133110742,209584693,342695435,1 hr 27 min,G
Bringing Down the House (2003),Walt Disney Studios Motion Pictures,7-Mar-03,132716677,32013002,164729679,1 hr 45 min,PG-13
The Wolverine (2013),Twentieth Century Fox,24-Jul-13,132556852,282271394,414828246,2 hr 6 min,PG-13
Wonder (2017),Lionsgate,NA,132422809,173786480,306209289,1 hr 53 min,NA
The Departed (2006),Warner Bros.,5-Oct-06,132384315,159081058,291465373,2 hr 31 min,R
Hulk (2003),Universal Pictures,19-Jun-03,132177234,113107931,245285165,2 hr 18 min,PG-13
Silver Linings Playbook (2012),The Weinstein Company,16-Nov-12,132092958,104319495,236412453,2 hr 2 min,R
Minority Report (2002),Twentieth Century Fox,20-Jun-02,132072926,226300000,358372926,2 hr 25 min,PG-13
Fantastic 4: Rise of the Silver Surfer (2007),Twentieth Century Fox,13-Jun-07,131921738,169991393,301913131,1 hr 32 min,PG
The Last Airbender (2010),Paramount Pictures,1-Jul-10,131772187,187941694,319713881,1 hr 43 min,PG
Rio 2 (2014),Twentieth Century Fox,20-Mar-14,131538435,367242682,498781117,1 hr 41 min,G
Lara Croft: Tomb Raider (2001),Paramount Pictures,15-Jun-01,131168070,143535270,274703340,1 hr 40 min,PG-13
The Silence of the Lambs (1991),Orion Pictures,14-Feb-91,130742922,142000000,272742922,1 hr 58 min,NA
The Flintstones (1994),Universal Pictures,27-May-94,130531208,211100000,341631208,1 hr 31 min,PG
Lethal Weapon 4 (1998),Warner Bros.,10-Jul-98,130444603,155000000,285444603,2 hr 7 min,R
Get Smart (2008),Warner Bros.,19-Jun-08,130319208,100366245,230685453,1 hr 50 min,PG-13
The Divergent Series: Insurgent (2015),Lionsgate,18-Mar-15,130179072,166823455,297002527,1 hr 59 min,PG-13
The Peanuts Movie (2015),Twentieth Century Fox,29-Oct-15,130178411,116054702,246233113,1 hr 28 min,G
Transformers: The Last Knight (2017),Paramount Pictures,21-Jun-17,130168683,475256474,605425157,2 hr 34 min,PG-13
American Gangster (2007),Universal Pictures,2-Nov-07,130164645,139590785,269755430,2 hr 37 min,R
American Beauty (1999),DreamWorks Distribution,15-Sep-99,130096601,226200000,356296601,2 hr 2 min,R
The Ring (2002),DreamWorks Distribution,18-Oct-02,129128133,120220800,249348933,1 hr 55 min,PG-13
The Nutty Professor (1996),Universal Pictures,28-Jun-96,128814019,145147000,273961019,1 hr 35 min,PG-13
Borat: Cultural Learnings of America for Make Benefit Glorious Nation of Kazakhstan (2006),Twentieth Century Fox,23-Feb-06,128505958,134046935,262552893,1 hr 24 min,R
Ghostbusters (2016),Sony Pictures Entertainment (SPE),11-Jul-16,128350574,100796935,229147509,1 hr 57 min,PG-13
Kingsman: The Secret Service (2014),Twentieth Century Fox,30-Jan-15,128261724,286089822,414351546,2 hr 9 min,R
Robots (2005),Twentieth Century Fox,10-Mar-05,128200012,134311478,262511490,1 hr 31 min,PG
"Crouching Tiger, Hidden Dragon (2000)",Sony Pictures Classics,8-Dec-00,128078872,85446864,213525736,2 hr,PG-13
Shutter Island (2010),Paramount Pictures,18-Feb-10,128012934,166792763,294805697,2 hr 18 min,R
Into the Woods (2014),Walt Disney Studios Motion Pictures,24-Dec-14,128002372,84900000,212902372,2 hr 5 min,PG
Rocky IV (1985),United Artists,NA,127873716,172600000,300473716,1 hr 31 min,NA
Enchanted (2007),Walt Disney Studios Motion Pictures,21-Nov-07,127807262,212680574,340487836,1 hr 47 min,PG
The Curious Case of Benjamin Button (2008),Paramount Pictures,25-Dec-08,127509326,208293460,335802786,2 hr 46 min,PG-13
Central Intelligence (2016),Warner Bros.,15-Jun-16,127440871,89531672,216972543,1 hr 47 min,PG-13
Anchorman 2: The Legend Continues (2013),Paramount Pictures,18-Dec-13,127352707,46297224,173649931,1 hr 59 min,PG-13
Sweet Home Alabama (2002),Walt Disney Studios Motion Pictures,27-Sep-02,127223418,53399006,180622424,1 hr 48 min,PG-13
Bumblebee (2018),Paramount Pictures,19-Dec-18,127195589,340794056,467989645,1 hr 54 min,PG-13
Dumb and Dumber (1994),New Line Cinema,16-Dec-94,127175374,120100000,247275374,1 hr 47 min,NA
2 Fast 2 Furious (2003),Universal Pictures,5-Jun-03,127154901,109195760,236350661,1 hr 47 min,PG-13
My Best Friend's Wedding (1997),Sony Pictures Entertainment (SPE),20-Jun-97,127120029,172168576,299288605,1 hr 45 min,PG-13
Super 8 (2011),Paramount Pictures,9-Jun-11,127004179,133091807,260095986,1 hr 52 min,PG-13
The World Is Not Enough (1999),Metro-Goldwyn-Mayer (MGM),19-Nov-99,126943684,234888716,361832400,2 hr 8 min,PG-13
Sleepless in Seattle (1993),TriStar Pictures,25-Jun-93,126808165,101119000,227927165,1 hr 45 min,PG
Lucy (2014),Universal Pictures,25-Jul-14,126663600,332200000,458863600,1 hr 29 min,R
The Legend of Tarzan (2016),Warner Bros.,29-Jun-16,126643061,230057296,356700357,1 hr 50 min,PG-13
Bee Movie (2007),DreamWorks,1-Nov-07,126631277,166883059,293514336,1 hr 31 min,PG
Prometheus (2012),Twentieth Century Fox,30-May-12,126477084,276877385,403354469,2 hr 4 min,R
Safe House (2012),Universal Pictures,8-Feb-12,126373434,81702771,208076205,1 hr 55 min,R
Mr. Deeds (2002),Sony Pictures Entertainment (SPE),28-Jun-02,126293452,44976083,171269535,1 hr 36 min,PG-13
The Truman Show (1998),Paramount Pictures,NA,125618201,138500000,264118201,1 hr 43 min,NA
